__run_id,__done,benchmark,code,energy consumption (J),execution time (s),CPU memory (MB),CPU memory usage (MB),GPU memory (MB),GPU memory usage (MB),Memory usage (MB)
run_7_repetition_15,TODO,ZapBench,Human, , , , , , , 
run_3_repetition_17,TODO,Covid19,Human, , , , , , , 
run_3_repetition_16,TODO,Covid19,Human, , , , , , , 
run_2_repetition_17,TODO,Covid19,AI, , , , , , , 
run_7_repetition_11,TODO,ZapBench,Human, , , , , , , 
run_9_repetition_14,TODO,GIFT-eval,Human, , , , , , , 
run_0_repetition_18,TODO,scRNA,AI, , , , , , , 
run_5_repetition_11,TODO,Geospatial,Human, , , , , , , 
run_0_repetition_5,TODO,scRNA,AI, , , , , , , 
run_4_repetition_14,TODO,Geospatial,AI, , , , , , , 
run_3_repetition_14,TODO,Covid19,Human, , , , , , , 
run_7_repetition_16,TODO,ZapBench,Human, , , , , , , 
run_2_repetition_3,TODO,Covid19,AI, , , , , , , 
run_0_repetition_1,TODO,scRNA,AI, , , , , , , 
run_4_repetition_18,TODO,Geospatial,AI, , , , , , , 
run_8_repetition_13,TODO,GIFT-eval,AI, , , , , , , 
run_8_repetition_19,TODO,GIFT-eval,AI, , , , , , , 
run_8_repetition_1,TODO,GIFT-eval,AI, , , , , , , 
run_5_repetition_17,TODO,Geospatial,Human, , , , , , , 
run_4_repetition_11,TODO,Geospatial,AI, , , , , , , 
run_5_repetition_16,TODO,Geospatial,Human, , , , , , , 
run_7_repetition_18,TODO,ZapBench,Human, , , , , , , 
run_1_repetition_15,TODO,scRNA,Human, , , , , , , 
run_6_repetition_0,TODO,ZapBench,AI, , , , , , , 
run_3_repetition_10,TODO,Covid19,Human, , , , , , , 
run_2_repetition_1,TODO,Covid19,AI, , , , , , , 
run_1_repetition_17,TODO,scRNA,Human, , , , , , , 
run_3_repetition_19,TODO,Covid19,Human, , , , , , , 
run_8_repetition_2,TODO,GIFT-eval,AI, , , , , , , 
run_7_repetition_17,TODO,ZapBench,Human, , , , , , , 
run_2_repetition_15,TODO,Covid19,AI, , , , , , , 
run_0_repetition_13,TODO,scRNA,AI, , , , , , , 
run_5_repetition_8,TODO,Geospatial,Human, , , , , , , 
run_1_repetition_9,TODO,scRNA,Human, , , , , , , 
run_0_repetition_14,TODO,scRNA,AI, , , , , , , 
run_1_repetition_14,TODO,scRNA,Human, , , , , , , 
run_2_repetition_6,TODO,Covid19,AI, , , , , , , 
run_4_repetition_13,TODO,Geospatial,AI, , , , , , , 
run_9_repetition_3,TODO,GIFT-eval,Human, , , , , , , 
run_9_repetition_8,TODO,GIFT-eval,Human, , , , , , , 
run_1_repetition_13,TODO,scRNA,Human, , , , , , , 
run_5_repetition_1,TODO,Geospatial,Human, , , , , , , 
run_4_repetition_4,TODO,Geospatial,AI, , , , , , , 
run_1_repetition_6,TODO,scRNA,Human, , , , , , , 
run_0_repetition_11,TODO,scRNA,AI, , , , , , , 
run_0_repetition_4,TODO,scRNA,AI, , , , , , , 
run_6_repetition_3,TODO,ZapBench,AI, , , , , , , 
run_0_repetition_12,TODO,scRNA,AI, , , , , , , 
run_6_repetition_11,TODO,ZapBench,AI, , , , , , , 
run_8_repetition_15,TODO,GIFT-eval,AI, , , , , , , 
run_1_repetition_10,TODO,scRNA,Human, , , , , , , 
run_9_repetition_12,TODO,GIFT-eval,Human, , , , , , , 
run_9_repetition_17,TODO,GIFT-eval,Human, , , , , , , 
run_3_repetition_3,TODO,Covid19,Human, , , , , , , 
run_7_repetition_6,TODO,ZapBench,Human, , , , , , , 
run_4_repetition_12,TODO,Geospatial,AI, , , , , , , 
run_1_repetition_3,TODO,scRNA,Human, , , , , , , 
run_5_repetition_4,TODO,Geospatial,Human, , , , , , , 
run_5_repetition_10,TODO,Geospatial,Human, , , , , , , 
run_3_repetition_2,TODO,Covid19,Human, , , , , , , 
run_8_repetition_12,TODO,GIFT-eval,AI, , , , , , , 
run_5_repetition_0,TODO,Geospatial,Human, , , , , , , 
run_9_repetition_5,TODO,GIFT-eval,Human, , , , , , , 
run_7_repetition_8,TODO,ZapBench,Human, , , , , , , 
run_8_repetition_16,TODO,GIFT-eval,AI, , , , , , , 
run_8_repetition_14,TODO,GIFT-eval,AI, , , , , , , 
run_5_repetition_15,TODO,Geospatial,Human, , , , , , , 
run_3_repetition_9,TODO,Covid19,Human, , , , , , , 
run_0_repetition_3,TODO,scRNA,AI, , , , , , , 
run_0_repetition_2,TODO,scRNA,AI, , , , , , , 
run_0_repetition_9,TODO,scRNA,AI, , , , , , , 
run_8_repetition_17,TODO,GIFT-eval,AI, , , , , , , 
run_7_repetition_7,TODO,ZapBench,Human, , , , , , , 
run_8_repetition_11,TODO,GIFT-eval,AI, , , , , , , 
run_1_repetition_1,TODO,scRNA,Human, , , , , , , 
run_7_repetition_10,TODO,ZapBench,Human, , , , , , , 
run_1_repetition_5,TODO,scRNA,Human, , , , , , , 
run_0_repetition_16,TODO,scRNA,AI, , , , , , , 
run_4_repetition_3,TODO,Geospatial,AI, , , , , , , 
run_6_repetition_17,TODO,ZapBench,AI, , , , , , , 
run_0_repetition_17,TODO,scRNA,AI, , , , , , , 
run_9_repetition_13,TODO,GIFT-eval,Human, , , , , , , 
run_5_repetition_7,TODO,Geospatial,Human, , , , , , , 
run_5_repetition_2,TODO,Geospatial,Human, , , , , , , 
run_1_repetition_18,TODO,scRNA,Human, , , , , , , 
run_7_repetition_1,TODO,ZapBench,Human, , , , , , , 
run_5_repetition_3,TODO,Geospatial,Human, , , , , , , 
run_0_repetition_8,TODO,scRNA,AI, , , , , , , 
run_8_repetition_4,TODO,GIFT-eval,AI, , , , , , , 
run_8_repetition_7,TODO,GIFT-eval,AI, , , , , , , 
run_3_repetition_4,TODO,Covid19,Human, , , , , , , 
run_4_repetition_16,TODO,Geospatial,AI, , , , , , , 
run_2_repetition_5,TODO,Covid19,AI, , , , , , , 
run_5_repetition_9,TODO,Geospatial,Human, , , , , , , 
run_8_repetition_10,TODO,GIFT-eval,AI, , , , , , , 
run_4_repetition_9,TODO,Geospatial,AI, , , , , , , 
run_3_repetition_8,TODO,Covid19,Human, , , , , , , 
run_0_repetition_19,TODO,scRNA,AI, , , , , , , 
run_0_repetition_10,TODO,scRNA,AI, , , , , , , 
run_2_repetition_19,TODO,Covid19,AI, , , , , , , 
run_9_repetition_1,TODO,GIFT-eval,Human, , , , , , , 
run_2_repetition_14,TODO,Covid19,AI, , , , , , , 
run_6_repetition_14,TODO,ZapBench,AI, , , , , , , 
run_2_repetition_16,TODO,Covid19,AI, , , , , , , 
run_7_repetition_5,TODO,ZapBench,Human, , , , , , , 
run_4_repetition_0,TODO,Geospatial,AI, , , , , , , 
run_7_repetition_13,TODO,ZapBench,Human, , , , , , , 
run_9_repetition_18,TODO,GIFT-eval,Human, , , , , , , 
run_5_repetition_18,TODO,Geospatial,Human, , , , , , , 
run_2_repetition_2,TODO,Covid19,AI, , , , , , , 
run_3_repetition_12,TODO,Covid19,Human, , , , , , , 
run_1_repetition_12,TODO,scRNA,Human, , , , , , , 
run_5_repetition_13,TODO,Geospatial,Human, , , , , , , 
run_0_repetition_15,TODO,scRNA,AI, , , , , , , 
run_6_repetition_2,TODO,ZapBench,AI, , , , , , , 
run_3_repetition_15,TODO,Covid19,Human, , , , , , , 
run_9_repetition_9,TODO,GIFT-eval,Human, , , , , , , 
run_6_repetition_18,TODO,ZapBench,AI, , , , , , , 
run_3_repetition_7,TODO,Covid19,Human, , , , , , , 
run_2_repetition_8,TODO,Covid19,AI, , , , , , , 
run_9_repetition_7,TODO,GIFT-eval,Human, , , , , , , 
run_2_repetition_12,TODO,Covid19,AI, , , , , , , 
run_6_repetition_4,TODO,ZapBench,AI, , , , , , , 
run_1_repetition_19,TODO,scRNA,Human, , , , , , , 
run_0_repetition_7,TODO,scRNA,AI, , , , , , , 
run_6_repetition_15,TODO,ZapBench,AI, , , , , , , 
run_6_repetition_8,TODO,ZapBench,AI, , , , , , , 
run_4_repetition_10,TODO,Geospatial,AI, , , , , , , 
run_6_repetition_10,TODO,ZapBench,AI, , , , , , , 
run_3_repetition_18,TODO,Covid19,Human, , , , , , , 
run_1_repetition_0,TODO,scRNA,Human, , , , , , , 
run_4_repetition_1,TODO,Geospatial,AI, , , , , , , 
run_9_repetition_0,TODO,GIFT-eval,Human, , , , , , , 
run_1_repetition_11,TODO,scRNA,Human, , , , , , , 
run_7_repetition_0,TODO,ZapBench,Human, , , , , , , 
run_3_repetition_5,TODO,Covid19,Human, , , , , , , 
run_7_repetition_19,TODO,ZapBench,Human, , , , , , , 
run_1_repetition_8,TODO,scRNA,Human, , , , , , , 
run_4_repetition_7,TODO,Geospatial,AI, , , , , , , 
run_5_repetition_14,TODO,Geospatial,Human, , , , , , , 
run_2_repetition_9,TODO,Covid19,AI, , , , , , , 
run_7_repetition_4,TODO,ZapBench,Human, , , , , , , 
run_9_repetition_19,TODO,GIFT-eval,Human, , , , , , , 
run_9_repetition_4,TODO,GIFT-eval,Human, , , , , , , 
run_4_repetition_15,TODO,Geospatial,AI, , , , , , , 
run_6_repetition_6,TODO,ZapBench,AI, , , , , , , 
run_5_repetition_6,TODO,Geospatial,Human, , , , , , , 
run_6_repetition_5,TODO,ZapBench,AI, , , , , , , 
run_6_repetition_19,TODO,ZapBench,AI, , , , , , , 
run_5_repetition_12,TODO,Geospatial,Human, , , , , , , 
run_2_repetition_7,TODO,Covid19,AI, , , , , , , 
run_9_repetition_10,TODO,GIFT-eval,Human, , , , , , , 
run_3_repetition_11,TODO,Covid19,Human, , , , , , , 
run_2_repetition_11,TODO,Covid19,AI, , , , , , , 
run_4_repetition_2,TODO,Geospatial,AI, , , , , , , 
run_6_repetition_12,TODO,ZapBench,AI, , , , , , , 
run_7_repetition_2,TODO,ZapBench,Human, , , , , , , 
run_9_repetition_2,TODO,GIFT-eval,Human, , , , , , , 
run_6_repetition_1,TODO,ZapBench,AI, , , , , , , 
run_0_repetition_0,TODO,scRNA,AI, , , , , , , 
run_8_repetition_6,TODO,GIFT-eval,AI, , , , , , , 
run_2_repetition_0,TODO,Covid19,AI, , , , , , , 
run_0_repetition_6,TODO,scRNA,AI, , , , , , , 
run_4_repetition_8,TODO,Geospatial,AI, , , , , , , 
run_6_repetition_16,TODO,ZapBench,AI, , , , , , , 
run_3_repetition_1,TODO,Covid19,Human, , , , , , , 
run_8_repetition_5,TODO,GIFT-eval,AI, , , , , , , 
run_9_repetition_16,TODO,GIFT-eval,Human, , , , , , , 
run_1_repetition_16,TODO,scRNA,Human, , , , , , , 
run_1_repetition_7,TODO,scRNA,Human, , , , , , , 
run_7_repetition_3,TODO,ZapBench,Human, , , , , , , 
run_9_repetition_15,TODO,GIFT-eval,Human, , , , , , , 
run_4_repetition_17,TODO,Geospatial,AI, , , , , , , 
run_4_repetition_6,TODO,Geospatial,AI, , , , , , , 
run_7_repetition_12,TODO,ZapBench,Human, , , , , , , 
run_6_repetition_13,TODO,ZapBench,AI, , , , , , , 
run_9_repetition_11,TODO,GIFT-eval,Human, , , , , , , 
run_2_repetition_4,TODO,Covid19,AI, , , , , , , 
run_3_repetition_6,TODO,Covid19,Human, , , , , , , 
run_8_repetition_3,TODO,GIFT-eval,AI, , , , , , , 
run_8_repetition_8,TODO,GIFT-eval,AI, , , , , , , 
run_2_repetition_10,TODO,Covid19,AI, , , , , , , 
run_4_repetition_19,TODO,Geospatial,AI, , , , , , , 
run_2_repetition_13,TODO,Covid19,AI, , , , , , , 
run_1_repetition_4,TODO,scRNA,Human, , , , , , , 
run_4_repetition_5,TODO,Geospatial,AI, , , , , , , 
run_6_repetition_7,TODO,ZapBench,AI, , , , , , , 
run_7_repetition_9,TODO,ZapBench,Human, , , , , , , 
run_3_repetition_0,TODO,Covid19,Human, , , , , , , 
run_2_repetition_18,TODO,Covid19,AI, , , , , , , 
run_8_repetition_9,TODO,GIFT-eval,AI, , , , , , , 
run_3_repetition_13,TODO,Covid19,Human, , , , , , , 
run_7_repetition_14,TODO,ZapBench,Human, , , , , , , 
run_9_repetition_6,TODO,GIFT-eval,Human, , , , , , , 
run_5_repetition_5,TODO,Geospatial,Human, , , , , , , 
run_6_repetition_9,TODO,ZapBench,AI, , , , , , , 
run_8_repetition_0,TODO,GIFT-eval,AI, , , , , , , 
run_5_repetition_19,TODO,Geospatial,Human, , , , , , , 
run_8_repetition_18,TODO,GIFT-eval,AI, , , , , , , 
run_1_repetition_2,TODO,scRNA,Human, , , , , , , 
